-- --------------------------------------------------------
-- 主机:                           127.0.0.1
-- 服务器版本:                        8.0.12 - MySQL Community Server - GPL
-- 服务器OS:                        Win64
-- HeidiSQL 版本:                  10.2.0.5599
-- --------------------------------------------------------

/*!40101 SET @OLD_CHARACTER_SET_CLIENT=@@CHARACTER_SET_CLIENT */;
/*!40101 SET NAMES utf8 */;
/*!50503 SET NAMES utf8mb4 */;
/*!40014 SET @OLD_FOREIGN_KEY_CHECKS=@@FOREIGN_KEY_CHECKS, FOREIGN_KEY_CHECKS=0 */;
/*!40101 SET @OLD_SQL_MODE=@@SQL_MODE, SQL_MODE='NO_AUTO_VALUE_ON_ZERO' */;

-- Dumping data for table blog.article: ~6 rows (大约)
DELETE FROM `article`;
/*!40000 ALTER TABLE `article` DISABLE KEYS */;
INSERT INTO `article` (`art_id`, `art_title`, `art_banner_url`, `art_create_at`, `art_update_at`, `art_desc`, `art_content`, `art_content_text`, `art_author_id`, `art_author_name`, `art_class_id`, `art_class_name`, `art_status`) VALUES
	(85, '新版本上线喽', '/upload/image/20180615/1529077877545077.jpg', 1525614998, 1526808470, '新版本上线喽！！！新版本上线喽！！！新版本上线喽！！！新版本上线喽！！！新版本上线喽！！！新版本上线喽！！！新版本上线喽！！！新版本上线喽！！！新版本上线喽！！！新版本上线喽！！！新版本上线喽！！！新版本上线喽！！！新版本上线喽！！！新版本上线喽！！！新版本上线喽！！！新版本上线', '<p>新版本上线喽！！！新版本上线喽！！！新版本上线喽！！！新版本上线喽！！！新版本上线喽！！！新版本上线喽！！！新版本上线喽！！！新版本上线喽！！！新版本上线喽！！！新版本上线喽！！！新版本上线喽！！！新版本上线喽！！！新版本上线喽！！！新版本上线喽！！！新版本上线喽！！！新版本上线喽！！！新版本上线喽！！！新版本上线喽！！！新版本上线喽！！！新版本上线喽！！！新版本上线喽！！！新版本上线喽！！！新版本上线喽！！！新版本上线喽！！！新版本上线喽！！！新版本上线喽！！！新版本上线喽！！！新版本上线喽！！！新版本上线喽！！！新版本上线喽！！！新版本上线喽！！！新版本上线喽！！！新版本上线喽！！！新版本上线喽！！！新版本上线喽！！！新版本上线喽！！！新版本上线喽！！！新版本上线喽！！！新版本上线喽！！！新版本上线喽！！！新版本上线喽！！！新版本上线喽！！！新版本上线喽！！！新版本上线喽！！！新版本上线喽！！！新版本上线喽！！！新版本上线喽！！！新版本上线喽！！！新版本上线喽！！！新版本上线喽！！！新版本上线喽！！！新版本上线喽！！！新版本上线喽！！！新版本上线喽！！！新版本上线喽！！！新版本上线喽！！！新版本上线喽！！！新版本上线喽！！！新版本上线喽！！！新版本上线喽！！！新版本上线喽！！！新版本上线喽！！！新版本上线喽！！！新版本上线喽！！！新版本上线喽！！！新版本上线喽！！！新版本上线喽！！！新版本上线喽！！！新版本上线喽！！！新版本上线喽！！！新版本上线喽！！！新版本上线喽！！！新版本上线喽！！！新版本上线喽！！！新版本上线喽！！！新版本上线喽！！！新版本上线喽！！！新版本上线喽！！！新版本上线喽！！！新版本上线喽！！！新版本上线喽！！！新版本上线喽！！！新版本上线喽！！！新版本上线喽！！！新版本上线喽！！！新版本上线喽！！！新版本上线喽！！！新版本上线喽！！！新版本上线喽！！！新版本上线喽！！！新版本上线喽！！！新版本上线喽！！！新版本上线喽！！！新版本上线喽！！！新版本上线喽！！！新版本上线喽！！！新版本上线喽！！！新版本上线喽！！！新版本上线喽！！！新版本上线喽！！！a</p>', '新版本上线喽！！！新版本上线喽！！！新版本上线喽！！！新版本上线喽！！！新版本上线喽！！！新版本上线喽！！！新版本上线喽！！！新版本上线喽！！！新版本上线喽！！！新版本上线喽！！！新版本上线喽！！！新版本上线喽！！！新版本上线喽！！！新版本上线喽！！！新版本上线喽！！！新版本上线喽！！！新版本上线喽！！！新版本上线喽！！！新版本上线喽！！！新版本上线喽！！！新版本上线喽！！！新版本上线喽！！！新版本上线喽！！！新版本上线喽！！！新版本上线喽！！！新版本上线喽！！！新版本上线喽！！！新版本上线喽！！！新版本上线喽！！！新版本上线喽！！！新版本上线喽！！！新版本上线喽！！！新版本上线喽！！！新版本上线喽！！！新版本上线喽！！！新版本上线喽！！！新版本上线喽！！！新版本上线喽！！！新版本上线喽！！！新版本上线喽！！！新版本上线喽！！！新版本上线喽！！！新版本上线喽！！！新版本上线喽！！！新版本上线喽！！！新版本上线喽！！！新版本上线喽！！！新版本上线喽！！！新版本上线喽！！！新版本上线喽！！！新版本上线喽！！！新版本上线喽！！！新版本上线喽！！！新版本上线喽！！！新版本上线喽！！！新版本上线喽！！！新版本上线喽！！！新版本上线喽！！！新版本上线喽！！！新版本上线喽！！！新版本上线喽！！！新版本上线喽！！！新版本上线喽！！！新版本上线喽！！！新版本上线喽！！！新版本上线喽！！！新版本上线喽！！！新版本上线喽！！！新版本上线喽！！！新版本上线喽！！！新版本上线喽！！！新版本上线喽！！！新版本上线喽！！！新版本上线喽！！！新版本上线喽！！！新版本上线喽！！！新版本上线喽！！！新版本上线喽！！！新版本上线喽！！！新版本上线喽！！！新版本上线喽！！！新版本上线喽！！！新版本上线喽！！！新版本上线喽！！！新版本上线喽！！！新版本上线喽！！！新版本上线喽！！！新版本上线喽！！！新版本上线喽！！！新版本上线喽！！！新版本上线喽！！！新版本上线喽！！！新版本上线喽！！！新版本上线喽！！！新版本上线喽！！！新版本上线喽！！！新版本上线喽！！！新版本上线喽！！！新版本上线喽！！！新版本上线喽！！！a\n', 1, 'itzcy', 0, '未分类', 1),
	(87, 'asdf ', '', 1529250948, 1529250948, 'asdf ', '<p>asfd&nbsp;</p>', 'asfd \n', 1, 'itzcy', 0, '未分类', 1),
	(88, 'jkhsdfjk', '/upload/image/20180617/1529251005744489.jpg', 1529251008, 1529251008, 'djkasdfgkh', '<p>sdfgsdfgsd</p>', 'sdfgsdfgsd\n', 1, 'itzcy', 3, 'Class333abc1', 1),
	(89, 'asdfasd ', '/upload/image/20180617/1529251034713295.jpg', 1529251036, 1529251036, 'asdfasdf', '<p>asfdasdfa</p>', 'asfdasdfa\n', 1, 'itzcy', 0, '未分类', 1),
	(90, '阿斯蒂芬', '', 1529254303, 1529254303, '', '', '\n', 1, 'itzcy', 0, '未分类', 1),
	(91, '新版本上线喽', '/upload/image/20180615/1529077877545077.jpg', 1529254560, 1529254560, '新版本上线喽！！！新版本上线喽！！！新版本上线喽！！！新版本上线喽！！！新版本上线喽！！！新版本上线喽！！！新版本上线喽！！！新版本上线喽！！！新版本上线喽！！！新版本上线喽！！！新版本上线喽！！！新版本上线喽！！！新版本上线喽！！！新版本上线喽！！！新版本上线喽！！！新版本上线', '<p>新版本上线喽！！！新版本上线喽！！！新版本上线喽！！！新版本上线喽！！！新版本上线喽！！！新版本上线喽！！！新版本上线喽！！！新版本上线喽！！！新版本上线喽！！！新版本上线喽！！！新版本上线喽！！！新版本上线喽！！！新版本上线喽！！！新版本上线喽！！！新版本上线喽！！！新版本上线喽！！！新版本上线喽！！！新版本上线喽！！！新版本上线喽！！！新版本上线喽！！！新版本上线喽！！！新版本上线喽！！！新版本上线喽！！！新版本上线喽！！！新版本上线喽！！！新版本上线喽！！！新版本上线喽！！！新版本上线喽！！！新版本上线喽！！！新版本上线喽！！！新版本上线喽！！！新版本上线喽！！！新版本上线喽！！！新版本上线喽！！！新版本上线喽！！！新版本上线喽！！！新版本上线喽！！！新版本上线喽！！！新版本上线喽！！！新版本上线喽！！！新版本上线喽！！！新版本上线喽！！！新版本上线喽！！！新版本上线喽！！！新版本上线喽！！！新版本上线喽！！！新版本上线喽！！！新版本上线喽！！！新版本上线喽！！！新版本上线喽！！！新版本上线喽！！！新版本上线喽！！！新版本上线喽！！！新版本上线喽！！！新版本上线喽！！！新版本上线喽！！！新版本上线喽！！！新版本上线喽！！！新版本上线喽！！！新版本上线喽！！！新版本上线喽！！！新版本上线喽！！！新版本上线喽！！！新版本上线喽！！！新版本上线喽！！！新版本上线喽！！！新版本上线喽！！！新版本上线喽！！！新版本上线喽！！！新版本上线喽！！！新版本上线喽！！！新版本上线喽！！！新版本上线喽！！！新版本上线喽！！！新版本上线喽！！！新版本上线喽！！！新版本上线喽！！！新版本上线喽！！！新版本上线喽！！！新版本上线喽！！！新版本上线喽！！！新版本上线喽！！！新版本上线喽！！！新版本上线喽！！！新版本上线喽！！！新版本上线喽！！！新版本上线喽！！！新版本上线喽！！！新版本上线喽！！！新版本上线喽！！！新版本上线喽！！！新版本上线喽！！！新版本上线喽！！！新版本上线喽！！！新版本上线喽！！！新版本上线喽！！！新版本上线喽！！！新版本上线喽！！！新版本上线喽！！！新版本上线喽！！！ab</p>', '新版本上线喽！！！新版本上线喽！！！新版本上线喽！！！新版本上线喽！！！新版本上线喽！！！新版本上线喽！！！新版本上线喽！！！新版本上线喽！！！新版本上线喽！！！新版本上线喽！！！新版本上线喽！！！新版本上线喽！！！新版本上线喽！！！新版本上线喽！！！新版本上线喽！！！新版本上线喽！！！新版本上线喽！！！新版本上线喽！！！新版本上线喽！！！新版本上线喽！！！新版本上线喽！！！新版本上线喽！！！新版本上线喽！！！新版本上线喽！！！新版本上线喽！！！新版本上线喽！！！新版本上线喽！！！新版本上线喽！！！新版本上线喽！！！新版本上线喽！！！新版本上线喽！！！新版本上线喽！！！新版本上线喽！！！新版本上线喽！！！新版本上线喽！！！新版本上线喽！！！新版本上线喽！！！新版本上线喽！！！新版本上线喽！！！新版本上线喽！！！新版本上线喽！！！新版本上线喽！！！新版本上线喽！！！新版本上线喽！！！新版本上线喽！！！新版本上线喽！！！新版本上线喽！！！新版本上线喽！！！新版本上线喽！！！新版本上线喽！！！新版本上线喽！！！新版本上线喽！！！新版本上线喽！！！新版本上线喽！！！新版本上线喽！！！新版本上线喽！！！新版本上线喽！！！新版本上线喽！！！新版本上线喽！！！新版本上线喽！！！新版本上线喽！！！新版本上线喽！！！新版本上线喽！！！新版本上线喽！！！新版本上线喽！！！新版本上线喽！！！新版本上线喽！！！新版本上线喽！！！新版本上线喽！！！新版本上线喽！！！新版本上线喽！！！新版本上线喽！！！新版本上线喽！！！新版本上线喽！！！新版本上线喽！！！新版本上线喽！！！新版本上线喽！！！新版本上线喽！！！新版本上线喽！！！新版本上线喽！！！新版本上线喽！！！新版本上线喽！！！新版本上线喽！！！新版本上线喽！！！新版本上线喽！！！新版本上线喽！！！新版本上线喽！！！新版本上线喽！！！新版本上线喽！！！新版本上线喽！！！新版本上线喽！！！新版本上线喽！！！新版本上线喽！！！新版本上线喽！！！新版本上线喽！！！新版本上线喽！！！新版本上线喽！！！新版本上线喽！！！新版本上线喽！！！新版本上线喽！！！ab\n', 1, 'itzcy', 0, '未分类', 1);
/*!40000 ALTER TABLE `article` ENABLE KEYS */;

-- Dumping data for table blog.category: ~6 rows (大约)
DELETE FROM `category`;
/*!40000 ALTER TABLE `category` DISABLE KEYS */;
INSERT INTO `category` (`cat_id`, `cat_class_name`, `create_at`, `update_at`, `status`) VALUES
	(1, '默认分类', 0, 1524841887, 1),
	(2, '程序实验室', 0, 1526810594, 1),
	(3, 'Class333abc1', 0, 0, 0),
	(4, 'asdfasdfaasdfasdfaasd', 1524840423, 0, 0),
	(5, 't', 1526810571, 0, 0),
	(6, 'new Category1', 1529232550, 0, 0);
/*!40000 ALTER TABLE `category` ENABLE KEYS */;

-- Dumping data for table blog.links: ~0 rows (大约)
DELETE FROM `links`;
/*!40000 ALTER TABLE `links` DISABLE KEYS */;
/*!40000 ALTER TABLE `links` ENABLE KEYS */;

-- Dumping data for table blog.sys_action: ~15 rows (大约)
DELETE FROM `sys_action`;
/*!40000 ALTER TABLE `sys_action` DISABLE KEYS */;
INSERT INTO `sys_action` (`id`, `controller`, `action`, `name`, `module_id`, `action_sort`, `is_menu`) VALUES
	(1, 'manage', 'manage_list', '人员列表', 2, 1, 'y'),
	(2, 'manage', 'group_list', '用户组列表', 2, 2, 'y'),
	(3, 'manage', 'auth_list', '权限管理', 2, 3, 'y'),
	(4, 'system', 'base', '基础数据设置', 1, 1, 'y'),
	(5, 'article', 'index', '文章管理', 3, 0, 'y'),
	(6, 'article', 'art_add', '添加文章', 3, 0, 'y'),
	(7, 'article', 'art_edit', '编辑文章', 3, 0, 'n'),
	(8, 'article', 'art_del', '删除文章', 3, 0, 'n'),
	(9, 'article', 'art_enable_or_disable', '文章状态编辑', 3, 0, 'n'),
	(10, 'category', 'index', '分类管理', 4, 0, 'y'),
	(11, 'category', 'cat_add', '添加分类', 4, 0, 'y'),
	(12, 'wechat', 'log', '微信日志', 5, 10, 'y'),
	(13, 'wechat', 'setting', '微信配置', 5, 20, 'y'),
	(16, 'test', 'index', 'Test', 5, 0, 'y'),
	(17, 'Sbs', 'indexs', 'qdm107081506123123', 1, 0, 'y');
/*!40000 ALTER TABLE `sys_action` ENABLE KEYS */;

-- Dumping data for table blog.sys_config: ~5 rows (大约)
DELETE FROM `sys_config`;
/*!40000 ALTER TABLE `sys_config` DISABLE KEYS */;
INSERT INTO `sys_config` (`s_id`, `k`, `v`, `type`, `create_at`, `update_at`) VALUES
	(1, 'site_name', '辰云博客 | Cyblog', '', 1525593069, 1526808459),
	(2, 'site_keywords', 'cyblog,itzcy,辰云博客', '', 1525593069, 1525617640),
	(3, 'site_description', 'CyblogV1.0.0', '', 1525593069, 1529155398),
	(4, 'article_default_banner_url', '/static/app/article/default_banner.jpg', '', 1525593069, 1525617623),
	(5, 'site_author', 'itzcy<itzcy@itzcy.com>', '', 1525593069, NULL);
/*!40000 ALTER TABLE `sys_config` ENABLE KEYS */;

-- Dumping data for table blog.sys_group: ~2 rows (大约)
DELETE FROM `sys_group`;
/*!40000 ALTER TABLE `sys_group` DISABLE KEYS */;
INSERT INTO `sys_group` (`id`, `group_name`, `group_actions`, `group_remarks`, `group_status`) VALUES
	(1, '超级管理员', '["1","2","3","4","5","6","7","8","9","10","11","12","13","16"]', '', 1),
	(2, '系统管理员', '["1","2","3","4","5","6","7","8","9","10","11","12","13","16"]', '', 1);
/*!40000 ALTER TABLE `sys_group` ENABLE KEYS */;

-- Dumping data for table blog.sys_manage: ~1 rows (大约)
DELETE FROM `sys_manage`;
/*!40000 ALTER TABLE `sys_manage` DISABLE KEYS */;
INSERT INTO `sys_manage` (`id`, `username`, `password`, `password_salt`, `truename`, `majro`, `telphone`, `email`, `auth_group`, `create_time`, `change_time`, `administrator`, `status`, `remarks`, `login_ip`, `login_time`, `login_number`) VALUES
	(1, 'itzcy', '073c3e53ca586eb791d7a9ba99126c1a', '3913', '张辰云', 'Full Stack Developer\n\n', '17013408381', 'itzcy@qq.com', '["1","2"]', 1, 11, 1, 1, 'asfasfdasfdasdasfasfd', '127.0.0.1', '1571648329', 118);
/*!40000 ALTER TABLE `sys_manage` ENABLE KEYS */;

-- Dumping data for table blog.sys_module: ~5 rows (大约)
DELETE FROM `sys_module`;
/*!40000 ALTER TABLE `sys_module` DISABLE KEYS */;
INSERT INTO `sys_module` (`id`, `module_name`, `module_controller`, `module_iconfount`, `module_sort`) VALUES
	(1, '系统设置', 'system', 'layui-icon-set-fill', 20),
	(2, '管理权限设置', 'manage', 'layui-icon-user', 19),
	(3, '文章管理', 'article', 'layui-icon-list', 10),
	(4, '分类管理', 'category', 'layui-icon-template-1', 11),
	(5, '微信管理', 'wechat', 'layui-icon-login-wechat', 12);
/*!40000 ALTER TABLE `sys_module` ENABLE KEYS */;

/*!40101 SET SQL_MODE=IFNULL(@OLD_SQL_MODE, '') */;
/*!40014 SET FOREIGN_KEY_CHECKS=IF(@OLD_FOREIGN_KEY_CHECKS IS NULL, 1, @OLD_FOREIGN_KEY_CHECKS) */;
/*!40101 SET CHARACTER_SET_CLIENT=@OLD_CHARACTER_SET_CLIENT */;
